Date,Time,Animal,Count
4/22/2009,19:47,Muskox,7
4/22/2009,8:41,Elk,35
4/22/2009,12:20,Owl,21
4/22/2009,14:30,Wolverine,25
4/22/2009,6:03,Fox,19
4/23/2009,4:00,Elk,2
4/23/2009,3:10,Owl,23
4/23/2009,20:54,Owl,18
4/23/2009,9:38,Grizzly,37
4/23/2009,21:37,Moose,1
4/23/2009,16:16,Wolverine,4
4/23/2009,4:22,Muskox,42
4/23/2009,17:18,Moose,40
4/23/2009,7:35,Ptarmigan,30
4/24/2009,6:36,Fox,1
4/24/2009,12:56,Fox,7
4/24/2009,2:47,Moose,41
4/25/2009,16:43,Grizzly,24
4/25/2009,17:35,Elk,34
4/26/2009,14:23,Wolverine,4
4/27/2009,20:09,Muskox,37
4/28/2009,12:22,Muskox,16
4/28/2009,0:55,Wolverine,10
4/28/2009,23:54,Wolverine,35
4/29/2009,5:39,Elk,1
4/29/2009,6:00,Wolverine,29
4/30/2009,14:26,Ptarmigan,14
5/1/2009,18:07,Fox,27
5/2/2009,18:03,Wolf,19
5/3/2009,10:32,Ptarmigan,37
5/3/2009,8:53,Wolverine,12
5/3/2009,4:50,Wolverine,23
5/4/2009,16:21,Owl,21
5/4/2009,12:22,Fox,18
5/4/2009,21:24,Owl,35
5/4/2009,3:57,Wolverine,22
5/5/2009,19:07,Fox,33
5/5/2009,19:52,Moose,33
5/6/2009,5:49,Owl,38
5/6/2009,7:55,Muskox,20
5/7/2009,19:35,Wolf,36
5/8/2009,13:23,Grizzly,34
5/9/2009,12:12,Ptarmigan,38
5/10/2009,10:21,Ptarmigan,10
5/11/2009,20:56,Moose,42
5/11/2009,3:14,Grizzly,39
5/11/2009,2:15,Wolverine,5
5/11/2009,20:19,Wolverine,31
5/11/2009,18:36,Owl,6
5/11/2009,15:32,Elk,3
5/11/2009,7:00,Wolverine,39
5/11/2009,7:12,Owl,39
5/11/2009,3:39,Wolf,4
5/11/2009,16:44,Owl,28
5/11/2009,1:13,Grizzly,2
5/11/2009,5:11,Ptarmigan,20
5/11/2009,2:53,Wolf,31
5/11/2009,14:37,Grizzly,17
5/12/2009,17:22,Grizzly,31
5/13/2009,21:27,Moose,17
5/13/2009,14:56,Grizzly,35
5/13/2009,7:32,Wolverine,5
5/14/2009,10:49,Grizzly,9
5/14/2009,4:46,Muskox,7
5/14/2009,3:25,Fox,30
5/15/2009,11:36,Fox,25
5/15/2009,7:27,Wolverine,24
5/15/2009,16:56,Fox,15
5/15/2009,23:24,Fox,9
5/15/2009,4:34,Elk,3
5/16/2009,5:12,Fox,6
5/17/2009,7:03,Owl,27
5/18/2009,14:10,Grizzly,29
5/19/2009,17:49,Owl,30
5/19/2009,10:38,Fox,37
5/19/2009,0:43,Fox,32
5/20/2009,15:19,Moose,20
5/21/2009,22:22,Fox,21
5/22/2009,10:59,Wolf,15
5/22/2009,6:58,Ptarmigan,40
5/22/2009,2:54,Wolverine,34
5/23/2009,4:11,Fox,25
5/23/2009,18:40,Moose,32
5/24/2009,13:05,Elk,16
5/25/2009,23:18,Elk,31
5/25/2009,15:33,Owl,3
5/26/2009,22:08,Muskox,26
5/26/2009,2:05,Wolverine,36
5/26/2009,4:13,Wolverine,35
5/27/2009,19:33,Grizzly,16
5/28/2009,7:26,Wolverine,25
5/28/2009,2:23,Ptarmigan,27
5/29/2009,23:32,Ptarmigan,33
5/30/2009,9:41,Wolverine,33
5/30/2009,18:46,Wolverine,39
5/30/2009,7:07,Ptarmigan,34
5/30/2009,22:13,Elk,28
5/30/2009,12:53,Wolverine,14
5/31/2009,2:19,Grizzly,21
5/31/2009,8:44,Wolverine,19
5/31/2009,23:13,Moose,2
6/1/2009,17:51,Wolf,33
6/1/2009,13:48,Fox,11
6/2/2009,4:46,Fox,35
6/3/2009,16:44,Moose,34
6/3/2009,10:10,Grizzly,5
6/3/2009,18:57,Elk,33
6/4/2009,15:46,Muskox,23
6/4/2009,21:34,Ptarmigan,1
6/4/2009,0:26,Wolf,19
6/4/2009,1:46,Muskox,26
6/4/2009,1:03,Ptarmigan,42
6/5/2009,9:40,Owl,21
6/5/2009,0:18,Wolf,4
6/5/2009,23:43,Ptarmigan,22
6/6/2009,2:20,Grizzly,10
6/6/2009,6:34,Moose,32
6/7/2009,5:17,Wolverine,15
6/8/2009,19:53,Fox,40
6/8/2009,13:21,Moose,31
6/9/2009,3:38,Fox,30
6/10/2009,15:57,Fox,29
6/11/2009,14:49,Elk,7
6/11/2009,13:48,Elk,36
6/12/2009,19:22,Wolf,1
6/13/2009,16:42,Ptarmigan,21
6/13/2009,19:13,Muskox,9
6/13/2009,5:23,Fox,11
6/14/2009,11:19,Ptarmigan,10
6/15/2009,7:30,Moose,13
6/15/2009,11:11,Elk,18
6/16/2009,8:12,Muskox,37
6/17/2009,19:18,Fox,10
6/18/2009,18:16,Owl,35
6/18/2009,9:50,Muskox,18
6/18/2009,10:56,Elk,23
6/18/2009,16:25,Moose,30
6/19/2009,12:09,Ptarmigan,12
6/19/2009,9:20,Wolf,2
6/20/2009,11:49,Wolf,29
6/21/2009,6:49,Owl,19
6/22/2009,2:02,Wolverine,7
6/23/2009,0:56,Grizzly,14
6/24/2009,1:03,Wolverine,26
6/25/2009,4:01,Elk,3
6/26/2009,18:17,Ptarmigan,9
6/27/2009,19:32,Elk,30
6/27/2009,6:12,Ptarmigan,29
6/27/2009,6:34,Fox,23
6/27/2009,7:40,Ptarmigan,7
6/28/2009,14:27,Owl,14
6/28/2009,19:28,Elk,32
6/29/2009,22:33,Moose,36
6/30/2009,18:41,Moose,29
6/30/2009,22:23,Grizzly,31
7/1/2009,0:55,Wolverine,35
7/2/2009,14:42,Wolverine,35
7/3/2009,23:35,Fox,9
7/3/2009,7:33,Elk,35
7/4/2009,11:22,Wolverine,23
7/4/2009,6:39,Muskox,1
7/4/2009,21:50,Wolverine,8
7/4/2009,17:34,Elk,20
7/4/2009,3:52,Wolf,37
7/4/2009,10:41,Owl,5
7/4/2009,10:55,Elk,28
7/4/2009,14:09,Grizzly,14
7/5/2009,11:20,Fox,40
7/6/2009,17:31,Muskox,38
7/6/2009,8:06,Muskox,33
7/6/2009,19:22,Owl,17
7/7/2009,17:50,Elk,26
7/7/2009,8:16,Ptarmigan,7
7/8/2009,23:32,Muskox,30
7/8/2009,11:17,Owl,40
7/8/2009,3:55,Owl,33
7/8/2009,17:52,Owl,9
7/8/2009,9:19,Wolf,29
7/9/2009,8:50,Fox,32
7/9/2009,0:39,Elk,29
7/10/2009,20:28,Owl,26
7/10/2009,9:36,Muskox,10
7/11/2009,9:43,Wolverine,14
7/12/2009,7:43,Fox,7
7/12/2009,4:53,Owl,25
7/12/2009,23:26,Moose,14
7/12/2009,6:37,Muskox,11
7/13/2009,8:47,Owl,40
7/14/2009,7:57,Muskox,36
7/14/2009,9:21,Elk,42
7/14/2009,3:23,Muskox,14
7/15/2009,18:00,Elk,35
7/16/2009,23:53,Fox,4
7/17/2009,11:30,Moose,5
7/17/2009,14:02,Muskox,41
7/17/2009,22:27,Fox,37
7/18/2009,1:59,Fox,30
7/18/2009,9:55,Muskox,29
7/19/2009,10:05,Ptarmigan,27
7/20/2009,10:11,Grizzly,30
7/20/2009,1:32,Ptarmigan,20
7/21/2009,6:53,Ptarmigan,33
7/21/2009,17:51,Fox,31
7/21/2009,2:44,Moose,27
7/21/2009,9:18,Muskox,22
7/22/2009,16:09,Muskox,5
7/22/2009,11:50,Ptarmigan,33
7/22/2009,2:10,Fox,32
7/23/2009,16:59,Wolverine,26
7/24/2009,23:46,Fox,8
7/25/2009,22:21,Wolverine,4
7/25/2009,3:25,Moose,4
7/25/2009,15:07,Moose,18
7/26/2009,6:31,Moose,4
7/26/2009,6:13,Elk,11
7/27/2009,2:49,Muskox,29
7/28/2009,16:19,Ptarmigan,11
7/28/2009,18:50,Fox,26
7/28/2009,8:45,Ptarmigan,26
7/29/2009,7:50,Muskox,26
7/30/2009,12:37,Grizzly,20
7/30/2009,5:28,Ptarmigan,38
7/30/2009,21:08,Muskox,25
7/31/2009,16:53,Ptarmigan,23
7/31/2009,22:59,Ptarmigan,12
8/1/2009,22:26,Elk,42
8/1/2009,8:12,Moose,19
8/2/2009,0:52,Wolf,20
8/2/2009,12:43,Owl,12
8/2/2009,5:37,Grizzly,24
8/2/2009,0:14,Owl,30
8/2/2009,6:19,Elk,10
8/3/2009,10:00,Elk,5
8/3/2009,6:50,Grizzly,20
8/3/2009,21:45,Owl,39
8/3/2009,7:56,Ptarmigan,2
8/4/2009,7:33,Elk,12
8/4/2009,7:42,Owl,40
8/5/2009,17:13,Wolverine,13
8/6/2009,13:55,Fox,20
8/6/2009,5:28,Muskox,1
8/6/2009,3:42,Wolverine,30
8/7/2009,20:36,Ptarmigan,39
8/7/2009,21:27,Wolverine,3
8/8/2009,12:08,Wolf,27
8/8/2009,5:26,Muskox,27
8/8/2009,12:03,Ptarmigan,29
8/8/2009,0:04,Grizzly,27
8/9/2009,12:32,Wolf,41
8/10/2009,18:10,Muskox,25
8/11/2009,13:07,Wolverine,16
8/11/2009,5:08,Wolverine,11
8/11/2009,2:17,Fox,21
8/11/2009,14:09,Fox,2
8/11/2009,2:44,Wolverine,28
8/12/2009,4:03,Grizzly,24
8/13/2009,9:36,Wolverine,23
8/13/2009,8:00,Moose,33
8/13/2009,6:53,Fox,41
8/14/2009,13:24,Moose,14
8/14/2009,13:01,Fox,41
8/14/2009,2:15,Fox,31
8/14/2009,21:13,Moose,29
8/14/2009,21:12,Moose,18
8/14/2009,10:56,Owl,37
8/14/2009,11:20,Wolverine,39
8/15/2009,7:44,Ptarmigan,10
8/15/2009,7:47,Moose,42
8/15/2009,0:50,Wolf,1
8/16/2009,6:13,Fox,32
8/17/2009,4:49,Wolf,38
8/18/2009,12:08,Moose,27
8/18/2009,1:34,Owl,41
8/19/2009,14:31,Wolf,17
8/20/2009,19:58,Ptarmigan,12
8/20/2009,17:16,Wolverine,2
8/20/2009,14:35,Elk,19
8/20/2009,2:22,Ptarmigan,16
8/21/2009,22:35,Fox,7
8/22/2009,21:01,Fox,8
8/23/2009,10:42,Muskox,35
8/24/2009,8:45,Fox,31
8/24/2009,8:57,Moose,2
8/25/2009,20:39,Grizzly,16
8/26/2009,4:41,Ptarmigan,27
8/26/2009,13:58,Ptarmigan,31
8/26/2009,20:27,Elk,5
8/26/2009,21:17,Moose,12
8/26/2009,16:49,Owl,32
8/26/2009,7:10,Wolverine,32
8/27/2009,14:38,Wolf,25
8/27/2009,17:33,Owl,24
8/27/2009,11:48,Elk,36
8/28/2009,19:14,Ptarmigan,23
8/28/2009,20:37,Wolverine,40
8/29/2009,9:56,Wolf,8
8/29/2009,1:21,Wolverine,36
8/29/2009,23:52,Owl,29
8/30/2009,10:21,Muskox,2
8/31/2009,18:21,Owl,16
9/1/2009,1:04,Wolf,24
9/1/2009,2:04,Moose,40
9/1/2009,19:16,Ptarmigan,14
9/1/2009,8:21,Muskox,34
9/2/2009,2:23,Muskox,33
9/2/2009,21:33,Muskox,19
9/2/2009,11:12,Muskox,12
9/2/2009,18:31,Owl,5
9/3/2009,23:17,Owl,37
9/3/2009,23:38,Grizzly,35
9/3/2009,21:34,Moose,38
9/3/2009,20:37,Grizzly,16
9/3/2009,19:50,Ptarmigan,1
9/3/2009,6:53,Elk,25
9/4/2009,0:15,Fox,16
9/5/2009,22:40,Owl,19
9/5/2009,12:42,Fox,1
9/5/2009,6:04,Ptarmigan,24
9/6/2009,0:48,Ptarmigan,21
9/6/2009,22:53,Muskox,15
9/7/2009,11:19,Moose,42
9/8/2009,23:16,Owl,27
9/9/2009,1:02,Wolverine,27
9/10/2009,19:50,Grizzly,30
9/11/2009,21:14,Muskox,21
9/12/2009,4:53,Elk,14
9/12/2009,17:42,Wolf,11
9/12/2009,21:32,Muskox,23
9/13/2009,18:12,Wolverine,3
9/13/2009,3:10,Moose,32
9/14/2009,17:23,Moose,34
9/15/2009,16:03,Muskox,36
9/15/2009,7:27,Elk,8
9/15/2009,17:09,Elk,42
9/16/2009,20:10,Wolverine,15
9/16/2009,16:23,Grizzly,27
9/16/2009,23:36,Elk,25
9/17/2009,23:11,Owl,21
9/18/2009,11:19,Owl,6
9/19/2009,21:23,Wolverine,41
9/20/2009,19:42,Fox,21
9/20/2009,9:36,Moose,25
9/20/2009,7:22,Ptarmigan,29
9/21/2009,4:52,Wolf,18
9/21/2009,23:33,Ptarmigan,12
9/21/2009,12:55,Wolf,24
9/22/2009,17:44,Grizzly,10
9/22/2009,16:50,Owl,7
9/23/2009,16:57,Elk,5
9/24/2009,23:46,Muskox,21
9/25/2009,10:47,Grizzly,24
9/25/2009,6:42,Moose,13
9/25/2009,5:51,Ptarmigan,23
9/26/2009,21:40,Owl,19
9/26/2009,12:36,Wolverine,27
9/27/2009,10:45,Fox,5
9/27/2009,21:29,Wolf,3
9/28/2009,21:51,Fox,31
9/28/2009,14:36,Wolverine,3
9/29/2009,16:10,Fox,7
9/30/2009,1:38,Elk,25
9/30/2009,22:10,Ptarmigan,13
10/1/2009,10:11,Elk,18
10/1/2009,20:19,Fox,9
10/1/2009,11:25,Fox,2
10/1/2009,2:57,Fox,41
10/1/2009,6:31,Elk,27
10/1/2009,5:17,Muskox,2
10/1/2009,20:57,Wolf,9
10/1/2009,10:35,Moose,4
10/1/2009,9:45,Elk,42
10/1/2009,3:18,Owl,28
10/2/2009,1:44,Muskox,35
10/2/2009,23:18,Moose,18
10/3/2009,13:33,Ptarmigan,29
10/4/2009,6:10,Muskox,26
10/5/2009,12:22,Ptarmigan,6
10/6/2009,5:19,Elk,26
10/6/2009,10:42,Grizzly,41
10/7/2009,7:49,Muskox,26
10/8/2009,18:58,Fox,21
10/8/2009,12:27,Ptarmigan,27
10/9/2009,5:01,Owl,11
10/10/2009,6:41,Wolverine,24
10/11/2009,20:43,Ptarmigan,13
10/11/2009,0:05,Ptarmigan,37
10/12/2009,23:57,Wolverine,33
10/13/2009,12:54,Muskox,8
10/13/2009,12:25,Ptarmigan,32
10/14/2009,3:36,Muskox,23
10/15/2009,4:55,Grizzly,23
10/15/2009,4:52,Elk,41
10/16/2009,22:56,Elk,37
10/16/2009,18:16,Wolf,17
10/16/2009,2:42,Moose,42
10/17/2009,19:35,Muskox,13
10/17/2009,4:50,Elk,28
10/17/2009,21:34,Elk,31
10/17/2009,22:46,Moose,19
10/17/2009,22:59,Wolf,9
10/18/2009,2:03,Fox,36
10/18/2009,4:45,Ptarmigan,27
10/19/2009,7:37,Fox,10
10/19/2009,13:48,Grizzly,35
10/20/2009,14:35,Wolf,38
10/21/2009,23:32,Moose,27
10/21/2009,17:56,Owl,39
10/21/2009,12:21,Muskox,37
10/22/2009,6:40,Ptarmigan,42
10/22/2009,9:37,Wolverine,3
10/23/2009,0:39,Ptarmigan,32
10/23/2009,11:03,Ptarmigan,16
10/24/2009,2:00,Owl,6
10/25/2009,8:18,Owl,22
10/26/2009,5:11,Fox,23
10/27/2009,8:06,Elk,1
10/27/2009,5:55,Moose,2
10/28/2009,11:57,Moose,1
10/28/2009,3:01,Muskox,38
10/29/2009,18:20,Muskox,32
10/30/2009,14:46,Moose,28
10/31/2009,18:29,Ptarmigan,34
10/31/2009,1:19,Fox,7
11/1/2009,15:29,Moose,30
11/1/2009,18:05,Fox,14
11/1/2009,14:47,Grizzly,6
11/1/2009,9:54,Muskox,31
11/2/2009,2:49,Moose,7
11/3/2009,12:32,Elk,25
11/3/2009,14:44,Owl,21
11/4/2009,0:17,Fox,24
11/5/2009,20:46,Wolverine,25
11/5/2009,13:36,Wolverine,12
11/5/2009,18:58,Fox,4
11/6/2009,18:24,Grizzly,22
11/6/2009,14:06,Muskox,17
11/6/2009,8:00,Wolf,7
11/7/2009,23:33,Wolverine,2
11/8/2009,22:41,Wolf,20
11/8/2009,4:21,Ptarmigan,14
11/8/2009,0:12,Grizzly,31
11/9/2009,2:15,Ptarmigan,31
11/9/2009,10:40,Moose,38
11/10/2009,6:17,Ptarmigan,13
11/11/2009,0:20,Grizzly,21
11/12/2009,0:01,Owl,14
11/13/2009,21:22,Grizzly,9
11/13/2009,11:24,Owl,16
11/14/2009,15:30,Fox,6
11/14/2009,18:38,Ptarmigan,36
11/14/2009,1:05,Wolverine,35
11/14/2009,19:01,Ptarmigan,2
11/14/2009,14:25,Owl,42
11/15/2009,2:36,Wolverine,38
11/16/2009,2:54,Grizzly,7
11/17/2009,19:57,Wolverine,37
11/17/2009,18:24,Grizzly,35
11/17/2009,1:34,Fox,14
11/18/2009,13:49,Wolf,5
11/19/2009,15:11,Ptarmigan,22
11/20/2009,16:05,Muskox,34
11/21/2009,8:16,Fox,8
11/21/2009,7:20,Owl,36
11/22/2009,16:04,Wolverine,31
11/22/2009,2:53,Wolf,5
11/22/2009,10:02,Elk,9
11/22/2009,20:24,Moose,7
11/23/2009,11:20,Fox,31
11/24/2009,17:33,Elk,4
11/24/2009,21:25,Muskox,42
11/25/2009,20:16,Wolf,21
11/25/2009,3:08,Muskox,4
11/25/2009,18:05,Elk,20
11/25/2009,18:16,Owl,11
11/25/2009,18:43,Muskox,10
11/26/2009,7:31,Moose,27
11/26/2009,9:03,Elk,9
11/27/2009,5:53,Fox,2
11/27/2009,1:41,Fox,20
11/27/2009,7:51,Moose,10
11/28/2009,2:30,Owl,36
11/29/2009,0:29,Moose,8
11/30/2009,20:08,Wolverine,12
11/30/2009,18:23,Wolf,41
12/1/2009,16:52,Moose,25
12/1/2009,0:12,Wolverine,31
12/2/2009,13:50,Grizzly,21
12/2/2009,15:07,Fox,6
12/3/2009,13:49,Muskox,39
12/3/2009,14:29,Elk,33
12/4/2009,17:00,Wolverine,38
12/5/2009,14:54,Ptarmigan,6
12/5/2009,8:55,Wolf,29
12/5/2009,10:58,Owl,1
12/5/2009,23:58,Grizzly,14
12/6/2009,20:22,Fox,21
12/6/2009,13:43,Ptarmigan,14
12/6/2009,2:14,Elk,9
12/7/2009,19:51,Grizzly,32
12/8/2009,17:58,Owl,7
12/8/2009,5:30,Fox,4
12/9/2009,8:55,Moose,21
12/9/2009,5:44,Fox,20
12/9/2009,19:41,Moose,33
12/9/2009,22:10,Ptarmigan,17
12/10/2009,22:57,Elk,16
12/11/2009,0:44,Wolverine,16
12/11/2009,3:54,Ptarmigan,30
12/12/2009,15:01,Wolf,25
12/13/2009,11:39,Ptarmigan,27
12/14/2009,13:34,Owl,20
12/14/2009,5:21,Wolverine,33
12/15/2009,22:48,Moose,37
12/15/2009,1:49,Muskox,37
12/16/2009,0:17,Ptarmigan,31
12/16/2009,6:07,Wolverine,20
12/17/2009,12:00,Ptarmigan,30
12/17/2009,0:16,Moose,10
12/18/2009,13:27,Muskox,29
12/19/2009,3:39,Grizzly,31
12/20/2009,1:07,Grizzly,15
12/21/2009,12:32,Moose,5
12/22/2009,20:08,Moose,26
12/23/2009,8:13,Grizzly,7
12/23/2009,6:46,Fox,22
12/24/2009,13:32,Ptarmigan,26
12/25/2009,17:48,Elk,28
12/26/2009,14:07,Fox,31
12/27/2009,23:55,Wolverine,31
12/27/2009,22:28,Elk,9
12/28/2009,20:58,Ptarmigan,22
12/29/2009,13:23,Wolverine,6
12/30/2009,12:45,Grizzly,7
12/30/2009,16:17,Wolf,38
12/31/2009,3:00,Owl,39
1/1/2010,2:57,Moose,11
1/2/2010,14:57,Muskox,21
1/3/2010,19:01,Elk,13
1/4/2010,1:30,Owl,7
1/4/2010,8:02,Wolverine,23
1/5/2010,5:33,Owl,9
1/6/2010,13:02,Elk,14
1/6/2010,0:49,Grizzly,41
1/7/2010,2:41,Muskox,9
1/8/2010,23:29,Fox,14
1/9/2010,10:00,Elk,2
1/9/2010,1:11,Owl,22
1/9/2010,9:44,Grizzly,7
1/10/2010,2:53,Wolverine,32
1/10/2010,1:37,Grizzly,8
1/10/2010,9:13,Owl,31
1/10/2010,0:46,Elk,26
1/11/2010,3:29,Muskox,27
1/11/2010,6:16,Grizzly,18
1/11/2010,12:38,Muskox,21
1/11/2010,17:18,Wolf,17
1/12/2010,17:01,Muskox,22
1/13/2010,15:17,Wolf,14
1/14/2010,22:47,Elk,18
1/14/2010,23:51,Fox,41
1/15/2010,4:31,Wolverine,21
1/16/2010,0:34,Moose,41
1/16/2010,15:19,Elk,26
1/17/2010,20:27,Fox,4
1/18/2010,12:14,Fox,28
1/19/2010,7:12,Fox,14
1/19/2010,6:16,Owl,30
1/20/2010,12:00,Wolf,9
1/20/2010,10:45,Muskox,6
1/21/2010,11:08,Muskox,22
1/21/2010,11:29,Moose,21
1/22/2010,12:19,Muskox,30
1/22/2010,6:04,Wolverine,18
1/23/2010,7:54,Moose,14
1/24/2010,3:20,Ptarmigan,42
1/24/2010,21:42,Owl,34
1/25/2010,15:15,Owl,1
1/26/2010,9:19,Grizzly,4
1/26/2010,4:58,Moose,13
1/27/2010,0:52,Elk,15
1/27/2010,16:00,Wolf,8
1/27/2010,23:57,Wolverine,40
1/27/2010,11:07,Moose,24
1/27/2010,18:09,Wolverine,39
1/28/2010,3:26,Ptarmigan,5
1/28/2010,12:22,Owl,10
1/29/2010,1:31,Elk,14
1/29/2010,10:03,Grizzly,32
1/30/2010,8:40,Ptarmigan,27
1/31/2010,7:24,Moose,38
1/31/2010,20:42,Ptarmigan,8
1/31/2010,13:30,Wolverine,6
2/1/2010,16:11,Wolverine,38
2/2/2010,12:53,Fox,41
2/3/2010,4:09,Ptarmigan,16
2/3/2010,23:42,Moose,3
2/3/2010,13:02,Wolverine,27
2/3/2010,14:42,Ptarmigan,22
2/3/2010,17:57,Owl,31
2/4/2010,11:57,Elk,11
2/4/2010,12:56,Wolverine,40
2/4/2010,12:05,Ptarmigan,20
2/4/2010,7:12,Wolverine,13
2/4/2010,13:40,Elk,9
2/5/2010,21:30,Wolf,10
2/6/2010,5:20,Ptarmigan,30
2/6/2010,12:37,Owl,5
2/7/2010,4:04,Wolf,33
2/8/2010,12:56,Grizzly,20
2/9/2010,5:07,Owl,21
2/10/2010,0:31,Wolf,10
2/11/2010,20:31,Wolf,16
2/12/2010,2:54,Ptarmigan,18
2/13/2010,4:07,Elk,16
2/13/2010,1:39,Moose,37
2/14/2010,0:36,Grizzly,32
2/14/2010,8:33,Fox,2
2/15/2010,23:40,Moose,30
2/15/2010,5:02,Grizzly,1
2/15/2010,10:56,Wolverine,1
2/16/2010,14:59,Elk,7
2/16/2010,3:55,Muskox,31
2/16/2010,0:05,Muskox,20
2/17/2010,15:51,Owl,8
2/17/2010,21:01,Muskox,8
2/18/2010,21:52,Moose,35
2/19/2010,17:09,Grizzly,5
2/20/2010,7:50,Wolf,27
2/20/2010,21:11,Elk,8
2/21/2010,19:10,Grizzly,32
2/22/2010,12:55,Owl,29
2/23/2010,5:00,Owl,19
2/24/2010,10:58,Wolf,14
2/25/2010,15:29,Owl,33
2/25/2010,20:29,Elk,26
2/26/2010,17:47,Wolf,12
2/27/2010,23:03,Ptarmigan,41
2/27/2010,12:14,Ptarmigan,40
2/28/2010,1:05,Wolverine,17
3/1/2010,18:42,Wolf,29
3/1/2010,16:14,Elk,15
3/1/2010,3:45,Ptarmigan,23
3/1/2010,10:40,Elk,2
3/2/2010,14:24,Owl,20
3/3/2010,21:41,Elk,2
3/4/2010,19:57,Wolverine,26
3/5/2010,19:25,Muskox,17
3/6/2010,3:28,Wolf,14
3/6/2010,17:00,Fox,6
3/6/2010,19:16,Owl,2
3/7/2010,16:53,Ptarmigan,41
3/7/2010,18:59,Wolf,29
3/8/2010,9:33,Moose,38
3/8/2010,22:19,Ptarmigan,32
3/9/2010,23:54,Ptarmigan,7
3/9/2010,9:31,Elk,23
3/10/2010,18:33,Moose,10
3/10/2010,7:33,Wolverine,26
3/11/2010,6:22,Wolf,33
3/11/2010,1:28,Wolverine,10
3/12/2010,19:29,Owl,36
3/12/2010,19:44,Wolverine,19
3/12/2010,22:25,Elk,30
3/12/2010,13:06,Owl,37
3/12/2010,23:08,Moose,31
3/13/2010,10:21,Elk,24
3/13/2010,5:45,Muskox,9
3/13/2010,5:44,Muskox,40
3/13/2010,11:10,Fox,5
3/14/2010,19:02,Muskox,6
3/14/2010,20:27,Owl,35
3/14/2010,5:48,Wolverine,37
3/14/2010,14:14,Fox,20
3/14/2010,22:30,Elk,5
3/15/2010,13:12,Muskox,34
3/15/2010,11:02,Fox,2
3/15/2010,23:52,Grizzly,10
3/16/2010,16:10,Elk,14
3/17/2010,4:01,Wolverine,10
3/17/2010,1:55,Wolf,12
3/17/2010,20:53,Wolverine,4
3/17/2010,20:09,Wolf,21
3/17/2010,7:10,Ptarmigan,17
3/18/2010,21:54,Wolf,35
3/19/2010,15:10,Elk,41
3/20/2010,11:12,Wolf,20
3/20/2010,3:34,Grizzly,24
3/21/2010,9:25,Owl,7
3/22/2010,7:13,Elk,21
3/22/2010,18:21,Wolf,24
3/23/2010,7:44,Owl,34
3/24/2010,13:22,Grizzly,24
3/25/2010,13:09,Fox,17
3/26/2010,8:38,Moose,36
3/26/2010,18:42,Wolf,19
3/27/2010,10:50,Ptarmigan,13
3/28/2010,9:27,Elk,28
3/29/2010,16:56,Ptarmigan,14
3/29/2010,3:59,Ptarmigan,23
3/30/2010,2:47,Moose,42
3/31/2010,10:06,Muskox,27
3/31/2010,6:58,Wolverine,9
4/1/2010,12:06,Muskox,33
4/2/2010,22:24,Fox,39
4/2/2010,5:40,Fox,22
4/3/2010,23:11,Wolf,23
4/3/2010,22:27,Wolf,23
4/4/2010,11:33,Fox,31
4/5/2010,6:48,Wolf,27
4/5/2010,10:16,Grizzly,13
4/5/2010,0:46,Owl,17
4/5/2010,7:24,Grizzly,38
4/6/2010,18:22,Fox,36
4/7/2010,5:28,Wolverine,22
4/8/2010,1:30,Moose,23
4/8/2010,9:11,Elk,37
4/9/2010,17:25,Moose,2
4/9/2010,22:17,Elk,26
4/10/2010,13:57,Grizzly,30
4/10/2010,22:20,Elk,39
4/10/2010,2:20,Fox,30
4/11/2010,6:17,Owl,28
4/11/2010,18:47,Grizzly,35
4/12/2010,15:48,Moose,33
4/13/2010,3:37,Wolverine,1
4/14/2010,12:26,Wolf,28
4/15/2010,10:53,Owl,27
4/15/2010,16:50,Moose,12
4/16/2010,1:05,Owl,23
4/17/2010,16:44,Fox,24
4/18/2010,22:41,Grizzly,25
4/19/2010,12:16,Muskox,32
4/19/2010,0:34,Grizzly,1
4/19/2010,8:37,Grizzly,28
4/19/2010,12:15,Grizzly,36
4/19/2010,23:35,Wolverine,29
4/20/2010,1:48,Moose,25
4/21/2010,17:15,Wolf,31
4/21/2010,1:54,Fox,4
4/21/2010,6:45,Owl,9
4/22/2010,19:25,Fox,4
4/22/2010,18:43,Ptarmigan,21
4/22/2010,4:06,Owl,16
4/23/2010,18:20,Elk,21
4/23/2010,13:00,Wolf,14
4/24/2010,23:20,Wolf,33
4/24/2010,19:23,Grizzly,3
4/24/2010,5:22,Muskox,3
4/25/2010,4:09,Owl,8
4/26/2010,22:51,Ptarmigan,15
4/27/2010,14:06,Fox,10
4/28/2010,15:27,Muskox,6
4/28/2010,6:32,Muskox,23
4/28/2010,1:34,Elk,34
4/29/2010,8:50,Ptarmigan,13
4/29/2010,3:11,Wolf,36
4/29/2010,5:31,Owl,34
4/29/2010,0:32,Fox,35
4/30/2010,23:02,Fox,2
4/30/2010,6:28,Grizzly,23
4/30/2010,6:25,Wolverine,6
4/30/2010,21:16,Muskox,9
5/1/2010,23:48,Moose,9
5/2/2010,12:37,Fox,41
5/2/2010,7:12,Wolf,8
5/2/2010,21:16,Grizzly,38
5/2/2010,17:05,Owl,38
5/2/2010,0:19,Grizzly,34
5/2/2010,6:21,Ptarmigan,29
5/2/2010,21:13,Moose,29
5/2/2010,21:04,Moose,41
5/3/2010,3:11,Fox,10
5/4/2010,5:53,Owl,29
5/4/2010,22:40,Wolf,4
5/5/2010,18:55,Owl,21
5/6/2010,21:19,Grizzly,17
5/6/2010,16:53,Grizzly,7
5/6/2010,12:13,Elk,7
5/7/2010,6:12,Owl,20
5/8/2010,23:19,Owl,31
5/9/2010,8:30,Elk,16
5/9/2010,13:50,Grizzly,30
5/10/2010,13:01,Elk,41
5/10/2010,19:58,Wolf,32
5/11/2010,19:05,Muskox,38
5/11/2010,16:28,Grizzly,13
5/11/2010,21:50,Muskox,16
5/11/2010,23:40,Owl,35
5/12/2010,0:33,Ptarmigan,14
5/12/2010,6:07,Grizzly,30
5/12/2010,6:52,Moose,16
5/12/2010,7:35,Moose,38
5/12/2010,22:12,Ptarmigan,15
5/13/2010,8:01,Muskox,6
5/14/2010,1:54,Elk,15
5/15/2010,18:48,Wolverine,11
5/16/2010,4:50,Fox,25
5/17/2010,15:39,Moose,24
5/18/2010,9:39,Elk,21
5/19/2010,10:24,Muskox,23
5/20/2010,20:05,Elk,29
5/20/2010,21:46,Fox,1
5/21/2010,16:55,Wolverine,12
5/22/2010,21:57,Muskox,22
5/23/2010,16:09,Moose,39
5/23/2010,23:48,Wolverine,11
5/24/2010,5:24,Wolverine,29
5/24/2010,17:48,Moose,29
5/25/2010,15:11,Wolverine,11
5/26/2010,7:57,Wolf,29
5/26/2010,0:59,Wolf,4
5/27/2010,13:00,Grizzly,17
5/27/2010,7:05,Grizzly,4
5/27/2010,22:02,Fox,32
5/27/2010,19:30,Fox,15
5/28/2010,17:56,Grizzly,40
5/29/2010,15:41,Elk,39
5/29/2010,1:38,Grizzly,24
5/29/2010,4:20,Elk,42
5/29/2010,14:39,Wolverine,9
5/29/2010,2:45,Muskox,14
5/29/2010,4:01,Owl,24
5/30/2010,18:38,Wolverine,10
5/31/2010,4:04,Grizzly,36
5/31/2010,0:15,Moose,29
5/31/2010,23:37,Fox,15
5/31/2010,22:28,Grizzly,15
5/31/2010,13:08,Ptarmigan,22
6/1/2010,8:04,Wolverine,3
6/2/2010,1:48,Moose,25
6/3/2010,11:13,Wolf,30
6/4/2010,22:44,Wolverine,25
6/5/2010,20:36,Ptarmigan,5
6/5/2010,12:32,Wolf,18
6/5/2010,23:16,Moose,9
6/5/2010,22:38,Owl,30
6/6/2010,12:14,Muskox,9
6/6/2010,17:14,Fox,16
6/7/2010,21:05,Muskox,23
6/8/2010,2:01,Owl,38
6/9/2010,2:48,Wolverine,32
6/9/2010,20:18,Moose,37
6/9/2010,11:26,Ptarmigan,1
6/10/2010,5:41,Ptarmigan,14
6/10/2010,4:01,Moose,5
6/11/2010,15:41,Wolf,13
6/11/2010,17:49,Ptarmigan,25
6/11/2010,0:06,Moose,31
6/11/2010,21:40,Owl,23
6/12/2010,7:42,Muskox,19
6/12/2010,16:42,Elk,33
6/12/2010,14:59,Moose,23
6/12/2010,2:37,Moose,8
6/12/2010,3:31,Grizzly,33
6/12/2010,11:24,Fox,10
6/13/2010,20:50,Fox,10
6/14/2010,4:24,Fox,41
6/14/2010,19:58,Wolf,6
6/14/2010,20:54,Owl,25
6/14/2010,20:28,Moose,9
6/15/2010,2:18,Elk,28
6/15/2010,4:18,Grizzly,13
6/15/2010,17:19,Wolverine,17
6/16/2010,22:55,Muskox,29
6/16/2010,6:22,Fox,26
6/17/2010,14:19,Wolverine,39
6/17/2010,11:27,Grizzly,20
6/17/2010,0:16,Moose,40
6/18/2010,1:37,Moose,14
6/19/2010,7:35,Elk,42
6/19/2010,1:19,Fox,19
6/19/2010,6:31,Owl,23
6/20/2010,22:49,Ptarmigan,37
6/20/2010,4:40,Wolverine,21
6/20/2010,18:30,Wolf,20
6/21/2010,9:50,Owl,33
6/21/2010,16:49,Grizzly,23
6/21/2010,10:32,Wolverine,8
6/22/2010,13:44,Ptarmigan,11
6/22/2010,15:23,Grizzly,5
6/23/2010,0:52,Wolverine,1
6/24/2010,6:08,Fox,6
6/25/2010,20:14,Moose,40
6/25/2010,8:46,Owl,25
6/26/2010,15:42,Fox,22
6/26/2010,11:08,Elk,18
6/27/2010,12:55,Moose,22
6/28/2010,9:51,Owl,27
6/29/2010,5:24,Wolverine,27
6/29/2010,17:18,Wolverine,9
6/30/2010,16:00,Owl,24
7/1/2010,19:52,Muskox,8
7/2/2010,8:05,Moose,34
7/2/2010,7:00,Wolverine,21
7/2/2010,7:06,Wolverine,22
7/2/2010,4:58,Ptarmigan,38
7/3/2010,14:46,Muskox,2
7/4/2010,4:53,Wolverine,42
7/5/2010,18:21,Elk,39
7/6/2010,18:51,Muskox,12
7/6/2010,22:09,Wolverine,31
7/7/2010,2:46,Grizzly,24
7/7/2010,1:07,Elk,12
7/7/2010,20:30,Owl,38
7/7/2010,17:14,Owl,37
7/8/2010,21:24,Wolverine,24
7/8/2010,20:27,Moose,11
7/9/2010,8:18,Elk,31
7/10/2010,15:14,Owl,14
7/11/2010,12:56,Ptarmigan,18
7/12/2010,14:35,Grizzly,19
7/13/2010,19:01,Owl,7
7/13/2010,6:28,Wolf,1
7/13/2010,10:36,Fox,36
7/13/2010,8:15,Moose,8
7/13/2010,8:36,Grizzly,30
7/14/2010,23:21,Ptarmigan,26
7/14/2010,11:01,Grizzly,8
7/14/2010,19:53,Muskox,33
7/14/2010,22:13,Wolverine,16
7/15/2010,7:16,Wolf,10
7/16/2010,12:15,Wolf,14
7/17/2010,15:24,Fox,34
7/17/2010,10:49,Fox,24
7/18/2010,11:33,Fox,24
7/19/2010,7:42,Grizzly,40
7/20/2010,17:10,Owl,29
7/21/2010,11:02,Wolf,10
7/21/2010,9:26,Owl,8
7/21/2010,10:33,Muskox,23
7/21/2010,13:22,Wolverine,40
7/21/2010,1:07,Moose,34
7/21/2010,10:17,Wolf,5
7/22/2010,8:20,Fox,25
7/22/2010,16:59,Wolverine,33
7/22/2010,11:34,Owl,27
7/23/2010,3:17,Moose,2
7/23/2010,1:04,Elk,18
7/23/2010,19:38,Wolf,10
7/24/2010,14:06,Wolf,37
7/24/2010,5:45,Ptarmigan,21
7/24/2010,6:28,Wolverine,40
7/25/2010,14:48,Moose,9
7/25/2010,14:18,Moose,37
7/26/2010,23:07,Elk,16
7/26/2010,23:18,Ptarmigan,7
7/26/2010,11:26,Owl,39
7/26/2010,22:10,Muskox,18
7/26/2010,1:21,Wolverine,2
7/27/2010,22:24,Grizzly,16
7/28/2010,12:10,Ptarmigan,33
7/29/2010,8:57,Grizzly,7
7/30/2010,5:57,Moose,10
7/31/2010,2:06,Wolverine,40
7/31/2010,4:55,Grizzly,16
7/31/2010,20:43,Owl,2
8/1/2010,19:39,Ptarmigan,32
8/1/2010,9:37,Wolverine,6
8/1/2010,15:40,Grizzly,25
8/2/2010,0:43,Elk,34
8/2/2010,16:31,Moose,9
8/3/2010,8:41,Muskox,22
8/3/2010,22:31,Fox,2
8/3/2010,7:15,Moose,37
8/3/2010,2:42,Elk,25
8/3/2010,15:50,Grizzly,8
8/4/2010,6:15,Fox,5
8/4/2010,6:16,Fox,28
8/4/2010,2:38,Ptarmigan,22
8/4/2010,2:07,Elk,1
8/4/2010,18:49,Owl,36
8/4/2010,1:48,Fox,1
8/4/2010,20:44,Wolf,18
8/4/2010,0:40,Owl,13
8/5/2010,17:39,Ptarmigan,36
8/5/2010,8:19,Muskox,33
8/6/2010,4:21,Fox,38
8/7/2010,4:22,Elk,30
8/7/2010,1:25,Owl,35
8/8/2010,20:04,Owl,2
8/8/2010,10:46,Fox,34
8/9/2010,9:25,Grizzly,31
8/10/2010,7:10,Ptarmigan,32
8/10/2010,20:11,Wolverine,9
8/10/2010,10:14,Muskox,28
8/11/2010,4:12,Grizzly,38
8/11/2010,7:36,Owl,19
8/12/2010,14:50,Moose,42
8/12/2010,10:42,Elk,20
8/12/2010,15:40,Fox,25
8/13/2010,14:33,Elk,24
8/14/2010,3:41,Fox,9
8/14/2010,7:45,Muskox,23
8/15/2010,2:53,Grizzly,35
8/15/2010,1:06,Elk,30
8/16/2010,16:17,Elk,19
8/17/2010,12:22,Owl,4
8/18/2010,1:17,Grizzly,14
8/18/2010,0:19,Grizzly,26
8/18/2010,18:33,Muskox,27
8/19/2010,5:57,Wolverine,36
8/19/2010,22:38,Wolverine,11
8/20/2010,18:57,Owl,27
8/20/2010,4:44,Muskox,35
8/20/2010,11:35,Moose,20
8/20/2010,1:44,Muskox,15
8/20/2010,6:52,Ptarmigan,9
8/20/2010,13:59,Ptarmigan,34
8/21/2010,9:55,Muskox,38
8/21/2010,23:03,Wolf,29
8/21/2010,11:55,Elk,5
8/22/2010,9:39,Wolverine,11
8/23/2010,12:26,Moose,11
8/24/2010,3:48,Elk,23
8/25/2010,19:44,Elk,3
8/25/2010,14:58,Wolverine,32
8/26/2010,6:15,Wolverine,15
8/26/2010,7:45,Grizzly,41
8/26/2010,11:25,Ptarmigan,37
8/27/2010,14:16,Moose,35
8/28/2010,9:08,Elk,41
8/29/2010,17:07,Ptarmigan,5
8/29/2010,22:33,Elk,24
8/29/2010,8:53,Muskox,13
8/29/2010,13:39,Ptarmigan,34
8/29/2010,7:46,Wolverine,14
8/29/2010,11:06,Wolf,42
8/30/2010,13:27,Wolverine,26
8/31/2010,15:54,Muskox,15
9/1/2010,5:51,Wolverine,5
9/1/2010,23:01,Muskox,10
9/2/2010,6:30,Fox,2
9/3/2010,18:58,Grizzly,1
9/4/2010,7:19,Grizzly,33
9/5/2010,1:43,Owl,5
9/5/2010,18:16,Wolverine,39
9/5/2010,3:21,Moose,31
9/5/2010,22:26,Owl,38
9/6/2010,9:28,Grizzly,9
9/6/2010,10:51,Wolverine,9
9/7/2010,20:38,Moose,21
9/7/2010,0:01,Muskox,26
9/7/2010,10:38,Wolverine,29
9/8/2010,16:56,Ptarmigan,35
9/9/2010,4:09,Fox,22
9/9/2010,23:16,Grizzly,14
9/10/2010,4:56,Wolverine,25
9/11/2010,3:29,Ptarmigan,13
9/12/2010,10:20,Grizzly,18
9/12/2010,0:44,Muskox,12
9/13/2010,1:55,Fox,17
9/14/2010,15:29,Owl,32
9/15/2010,2:28,Wolverine,13
9/15/2010,12:06,Grizzly,12
9/15/2010,22:10,Owl,34
9/15/2010,7:18,Wolverine,17
9/15/2010,8:59,Wolverine,5
9/16/2010,4:44,Wolf,15
9/17/2010,0:48,Elk,2
9/17/2010,17:50,Owl,13
9/17/2010,14:37,Wolverine,30
9/17/2010,4:31,Elk,11
9/17/2010,17:19,Muskox,1
9/17/2010,8:58,Fox,28
9/17/2010,10:28,Ptarmigan,40
9/17/2010,17:48,Owl,4
9/17/2010,22:39,Fox,15
9/18/2010,6:17,Elk,19
9/19/2010,8:46,Wolf,25
9/19/2010,20:22,Wolverine,16
9/20/2010,15:23,Fox,8
9/21/2010,23:50,Grizzly,15
9/22/2010,7:46,Ptarmigan,29
9/22/2010,7:58,Muskox,27
9/22/2010,8:36,Wolverine,14
9/22/2010,8:07,Grizzly,26
9/22/2010,18:19,Owl,11
9/23/2010,9:02,Ptarmigan,24
9/23/2010,4:32,Fox,14
9/24/2010,14:20,Ptarmigan,2
9/25/2010,15:13,Moose,13
9/25/2010,12:14,Muskox,41
9/26/2010,3:03,Wolverine,31
9/27/2010,17:20,Elk,6
9/28/2010,6:32,Owl,18
9/29/2010,14:32,Fox,8
9/30/2010,17:50,Grizzly,11
9/30/2010,7:41,Wolverine,26
9/30/2010,9:18,Moose,32
10/1/2010,22:30,Owl,42
10/2/2010,14:55,Grizzly,15
10/3/2010,15:28,Fox,11
10/3/2010,19:02,Moose,26
10/4/2010,18:51,Grizzly,22
10/4/2010,12:23,Moose,22
10/5/2010,16:50,Elk,27
10/5/2010,14:30,Ptarmigan,34
10/5/2010,23:17,Owl,4
10/6/2010,11:39,Owl,29
10/7/2010,23:37,Owl,14
10/8/2010,14:03,Ptarmigan,17
10/8/2010,10:44,Grizzly,32
10/8/2010,15:08,Wolf,2
10/8/2010,21:57,Moose,38
10/8/2010,15:48,Owl,24
10/9/2010,3:04,Fox,15
10/9/2010,3:29,Wolf,27
10/9/2010,4:24,Wolverine,12
10/10/2010,6:14,Fox,31
10/10/2010,13:17,Wolverine,33
10/11/2010,23:41,Ptarmigan,21
10/12/2010,3:34,Elk,20
10/13/2010,1:10,Moose,13
10/14/2010,23:54,Owl,33
10/14/2010,3:22,Muskox,30
10/14/2010,17:13,Moose,33
10/14/2010,16:33,Grizzly,12
10/14/2010,17:26,Owl,10
10/14/2010,5:01,Fox,23
10/15/2010,23:31,Grizzly,39
10/16/2010,5:47,Grizzly,9
10/17/2010,0:09,Elk,22
10/17/2010,2:54,Wolf,29
10/17/2010,2:09,Owl,25
10/18/2010,12:51,Wolverine,9
10/19/2010,7:29,Muskox,27
10/19/2010,13:36,Ptarmigan,42
10/20/2010,0:19,Elk,22
10/21/2010,3:43,Elk,33
10/21/2010,17:21,Elk,27
10/21/2010,18:30,Moose,9
10/21/2010,15:35,Fox,8
10/21/2010,9:28,Wolverine,16
10/22/2010,6:47,Fox,14
10/22/2010,14:18,Wolf,9
10/23/2010,0:55,Grizzly,25
10/23/2010,21:41,Wolf,1
10/23/2010,18:48,Owl,30
10/24/2010,22:00,Elk,6
10/24/2010,13:22,Grizzly,35
10/24/2010,9:30,Elk,13
10/25/2010,22:08,Grizzly,35
10/25/2010,14:35,Owl,32
10/26/2010,20:45,Moose,21
10/27/2010,21:02,Fox,25
10/28/2010,7:51,Fox,18
10/28/2010,7:53,Wolverine,16
10/28/2010,15:18,Wolf,16
10/29/2010,20:49,Fox,9
10/29/2010,0:03,Owl,20
10/30/2010,5:33,Wolf,36
10/30/2010,13:00,Wolf,42
10/31/2010,20:08,Moose,42
11/1/2010,16:22,Fox,4
11/1/2010,11:58,Elk,17
11/2/2010,4:51,Wolverine,28
11/3/2010,11:57,Owl,37
11/3/2010,15:00,Grizzly,36
11/3/2010,20:17,Grizzly,12
11/3/2010,4:22,Moose,28
11/3/2010,4:56,Fox,19
11/3/2010,19:27,Grizzly,21
11/4/2010,9:47,Muskox,11
11/4/2010,9:45,Elk,34
11/5/2010,5:06,Muskox,36
11/5/2010,3:06,Elk,40
11/6/2010,14:09,Wolverine,12
11/6/2010,10:58,Wolf,18
11/6/2010,20:57,Owl,31
11/7/2010,22:02,Grizzly,26
11/7/2010,7:45,Owl,16
11/7/2010,3:48,Ptarmigan,19
11/7/2010,6:13,Elk,26
11/8/2010,4:04,Muskox,19
11/8/2010,13:34,Owl,13
11/8/2010,7:06,Moose,24
11/9/2010,12:34,Wolf,42
11/10/2010,9:05,Wolverine,22
11/11/2010,2:26,Elk,15
11/11/2010,19:26,Moose,4
11/11/2010,4:26,Ptarmigan,22
11/11/2010,21:00,Elk,42
11/11/2010,17:08,Fox,8
11/11/2010,13:21,Fox,25
11/11/2010,16:43,Grizzly,11
11/11/2010,0:24,Wolf,9
11/11/2010,8:03,Fox,32
11/11/2010,11:34,Elk,1
11/11/2010,5:07,Moose,16
11/11/2010,19:26,Wolf,37
11/11/2010,23:38,Muskox,4
11/11/2010,21:47,Elk,31
11/12/2010,9:30,Fox,29
11/13/2010,13:33,Wolverine,18
11/13/2010,21:25,Muskox,9
11/13/2010,4:49,Muskox,15
11/14/2010,7:56,Wolverine,12
11/14/2010,6:20,Muskox,16
11/14/2010,2:04,Moose,42
11/15/2010,9:46,Wolf,33
11/15/2010,20:20,Wolf,11
11/16/2010,23:13,Fox,35
11/17/2010,20:42,Wolverine,26
11/18/2010,0:50,Fox,26
11/19/2010,12:36,Wolf,19
11/19/2010,15:44,Elk,18
11/19/2010,19:22,Ptarmigan,4
11/20/2010,1:05,Ptarmigan,4
11/20/2010,5:22,Wolf,27
11/21/2010,3:14,Wolf,23
11/21/2010,6:57,Wolverine,19
11/21/2010,11:20,Ptarmigan,8
11/21/2010,20:38,Moose,22
11/21/2010,23:00,Moose,28
11/22/2010,15:49,Ptarmigan,24
11/22/2010,1:44,Muskox,25
11/22/2010,5:42,Moose,21
11/23/2010,13:14,Elk,5
11/23/2010,4:58,Owl,37
11/24/2010,16:48,Ptarmigan,40
11/25/2010,16:15,Wolverine,12
11/26/2010,14:31,Moose,16
11/27/2010,22:39,Moose,7
11/28/2010,1:28,Wolverine,20
11/29/2010,15:46,Grizzly,24
11/30/2010,7:18,Wolf,34
11/30/2010,8:46,Owl,4
12/1/2010,13:43,Wolf,12
12/2/2010,11:26,Grizzly,11
12/2/2010,3:45,Wolverine,37
12/3/2010,21:29,Muskox,10
12/4/2010,21:20,Wolverine,20
12/5/2010,23:58,Muskox,18
12/6/2010,23:14,Fox,18
12/6/2010,0:46,Ptarmigan,12
12/6/2010,6:42,Grizzly,37
12/6/2010,20:31,Grizzly,14
12/6/2010,17:54,Wolverine,5
12/6/2010,3:08,Elk,10
12/7/2010,20:15,Owl,36
12/7/2010,23:36,Grizzly,38
12/7/2010,4:14,Moose,11
12/7/2010,15:00,Fox,14
12/8/2010,23:37,Fox,30
12/8/2010,18:13,Fox,39
12/9/2010,5:26,Ptarmigan,42
12/10/2010,20:48,Wolverine,8
12/10/2010,22:21,Owl,4
12/10/2010,4:46,Owl,26
12/11/2010,18:06,Ptarmigan,5
12/12/2010,16:06,Moose,37
12/12/2010,1:17,Fox,20
12/13/2010,5:33,Muskox,33
12/14/2010,16:15,Fox,7
12/15/2010,4:36,Moose,4
12/15/2010,20:57,Moose,8
12/16/2010,18:28,Muskox,39
12/16/2010,10:44,Fox,26
12/16/2010,21:44,Elk,16
12/17/2010,13:23,Ptarmigan,26
12/17/2010,17:36,Muskox,37
12/18/2010,14:20,Ptarmigan,28
12/19/2010,6:34,Ptarmigan,30
12/19/2010,0:03,Wolverine,40
12/19/2010,10:56,Fox,30
12/19/2010,1:55,Fox,12
12/20/2010,21:51,Wolf,42
12/20/2010,12:23,Moose,6
12/20/2010,18:03,Wolf,15
12/20/2010,23:56,Wolverine,24
12/20/2010,23:22,Grizzly,28
12/20/2010,0:56,Moose,40
12/20/2010,5:42,Ptarmigan,1
12/20/2010,5:18,Muskox,3
12/21/2010,6:08,Owl,37
12/22/2010,8:59,Fox,7
12/22/2010,5:54,Fox,15
12/23/2010,1:37,Owl,10
12/23/2010,14:25,Fox,31
12/23/2010,15:20,Fox,4
12/23/2010,0:37,Moose,8
12/23/2010,15:56,Ptarmigan,25
12/23/2010,8:33,Wolverine,29
12/24/2010,21:58,Muskox,38
12/25/2010,11:06,Wolverine,32
12/25/2010,1:59,Owl,28
12/25/2010,15:55,Fox,32
12/25/2010,11:06,Muskox,39
12/25/2010,3:15,Wolf,18
12/25/2010,14:02,Wolverine,20
12/26/2010,2:57,Wolf,38
12/27/2010,1:10,Owl,25
12/27/2010,14:09,Owl,36
12/27/2010,1:24,Fox,6
12/28/2010,17:11,Ptarmigan,3
12/29/2010,4:51,Moose,6
12/30/2010,19:28,Fox,22
12/31/2010,7:38,Wolf,5
1/1/2011,18:39,Fox,15
1/2/2011,0:49,Wolverine,25
1/2/2011,16:54,Wolf,20
1/2/2011,2:04,Grizzly,9
1/3/2011,10:01,Muskox,3
1/3/2011,18:06,Muskox,11
1/3/2011,2:01,Ptarmigan,26
1/3/2011,13:19,Fox,16
1/3/2011,19:58,Fox,1
1/3/2011,7:51,Elk,23
1/4/2011,18:55,Elk,13
1/4/2011,5:21,Moose,28
1/4/2011,5:02,Wolverine,20
1/5/2011,6:01,Moose,20
1/6/2011,12:14,Wolf,2
1/6/2011,13:02,Grizzly,12
1/7/2011,16:40,Muskox,35
1/8/2011,20:31,Moose,17
1/8/2011,3:36,Ptarmigan,24
1/9/2011,20:45,Ptarmigan,42
1/9/2011,16:17,Fox,40
1/10/2011,8:47,Owl,10
1/11/2011,11:00,Owl,39
1/12/2011,0:03,Wolf,13
1/13/2011,11:07,Moose,21
1/13/2011,6:50,Elk,42
1/13/2011,17:41,Wolf,5
1/14/2011,23:19,Ptarmigan,20
1/15/2011,12:51,Ptarmigan,9
1/15/2011,5:28,Moose,18
1/16/2011,22:37,Muskox,16
1/17/2011,17:13,Elk,8
1/18/2011,19:00,Grizzly,10
1/19/2011,1:29,Fox,3
1/19/2011,2:16,Wolf,36
1/20/2011,23:06,Grizzly,36
1/20/2011,12:54,Fox,27
1/20/2011,0:04,Elk,30
1/20/2011,4:23,Wolverine,10
1/21/2011,20:25,Ptarmigan,26
1/21/2011,2:39,Fox,14
1/21/2011,1:28,Muskox,35
1/22/2011,2:23,Wolverine,2
1/22/2011,6:36,Elk,32
1/22/2011,11:06,Muskox,16
1/22/2011,18:31,Moose,9
1/22/2011,21:09,Owl,23
1/22/2011,18:27,Ptarmigan,25
1/22/2011,3:11,Wolf,17
1/22/2011,5:42,Muskox,40
1/22/2011,15:05,Ptarmigan,9
1/23/2011,2:33,Owl,5
1/24/2011,13:39,Wolverine,24
1/25/2011,0:29,Wolf,40
1/25/2011,18:35,Moose,19
1/25/2011,5:39,Elk,23
1/25/2011,6:55,Fox,26
1/25/2011,4:35,Ptarmigan,41
1/25/2011,11:28,Muskox,9
1/26/2011,17:34,Muskox,35
1/27/2011,9:49,Moose,23
1/27/2011,19:32,Wolverine,21
1/27/2011,2:13,Wolverine,41
1/28/2011,8:51,Muskox,34
1/29/2011,21:29,Grizzly,16
1/29/2011,16:49,Wolf,38
1/30/2011,1:11,Grizzly,24
1/30/2011,7:32,Grizzly,41
1/30/2011,12:57,Fox,7
1/30/2011,10:32,Wolf,37
1/30/2011,13:32,Wolf,30
1/30/2011,16:02,Wolverine,29
1/31/2011,23:46,Elk,36
2/1/2011,6:17,Elk,3
2/1/2011,10:37,Fox,26
2/1/2011,22:09,Ptarmigan,37
2/2/2011,9:03,Wolverine,22
2/3/2011,19:59,Fox,7
2/3/2011,23:40,Wolverine,39
2/4/2011,7:20,Grizzly,30
2/5/2011,18:43,Moose,32
2/6/2011,23:47,Ptarmigan,11
2/6/2011,7:46,Grizzly,11
2/6/2011,9:56,Fox,35
2/7/2011,3:18,Ptarmigan,39
2/7/2011,12:59,Fox,21
2/8/2011,22:38,Wolverine,30
2/9/2011,17:27,Wolf,1
2/9/2011,5:59,Wolverine,12
2/10/2011,5:08,Ptarmigan,25
2/11/2011,1:47,Grizzly,39
2/12/2011,0:00,Elk,18
2/12/2011,16:25,Grizzly,6
2/13/2011,9:11,Ptarmigan,42
2/14/2011,20:59,Ptarmigan,8
2/15/2011,17:37,Muskox,12
2/15/2011,21:43,Moose,18
2/15/2011,13:13,Wolverine,42
2/15/2011,0:48,Muskox,40
2/15/2011,19:45,Ptarmigan,18
2/16/2011,8:44,Ptarmigan,24
2/17/2011,23:30,Ptarmigan,10
2/18/2011,14:46,Grizzly,28
2/18/2011,1:05,Grizzly,29
2/18/2011,20:29,Elk,30
2/19/2011,2:01,Wolverine,30
2/19/2011,8:30,Owl,33
2/19/2011,3:31,Muskox,12
2/19/2011,4:05,Muskox,32
2/19/2011,0:01,Muskox,10
2/19/2011,3:56,Ptarmigan,8
2/19/2011,3:36,Wolf,21
2/19/2011,18:20,Wolverine,2
2/20/2011,21:45,Ptarmigan,13
2/21/2011,5:48,Elk,12
2/22/2011,1:36,Wolverine,23
2/23/2011,16:48,Elk,16
2/23/2011,7:52,Wolverine,22
2/23/2011,11:56,Owl,40
2/24/2011,10:46,Moose,23
2/24/2011,8:25,Wolverine,23
2/25/2011,8:06,Ptarmigan,21
2/26/2011,23:42,Wolf,10
2/26/2011,19:20,Muskox,3
2/26/2011,2:51,Wolverine,18
2/27/2011,13:39,Ptarmigan,31
2/28/2011,7:52,Moose,18
3/1/2011,14:43,Ptarmigan,15
3/1/2011,15:00,Wolf,42
3/2/2011,16:50,Owl,4
3/3/2011,4:48,Grizzly,18
3/4/2011,23:59,Moose,7
3/5/2011,7:13,Moose,7
3/5/2011,9:00,Elk,37
3/6/2011,19:16,Wolverine,6
3/6/2011,8:24,Wolverine,23
3/7/2011,22:31,Owl,10
3/8/2011,15:26,Moose,32
3/9/2011,2:20,Ptarmigan,26
3/9/2011,12:06,Ptarmigan,19
3/10/2011,8:33,Elk,3
3/10/2011,4:00,Wolf,8
3/11/2011,6:18,Wolf,2
3/12/2011,14:02,Wolf,22
3/12/2011,19:24,Fox,11
3/13/2011,1:26,Grizzly,26
3/14/2011,3:25,Moose,26
3/14/2011,0:24,Muskox,30
3/15/2011,11:07,Ptarmigan,13
3/15/2011,19:57,Wolf,39
3/15/2011,15:50,Moose,31
3/15/2011,18:43,Moose,41
3/15/2011,23:24,Wolf,10
3/15/2011,23:59,Grizzly,38
3/16/2011,6:18,Elk,9
3/16/2011,21:09,Wolverine,6
3/16/2011,22:00,Wolverine,27
3/17/2011,20:45,Muskox,34
3/17/2011,23:46,Fox,20
3/18/2011,1:38,Muskox,30
3/18/2011,11:14,Muskox,23
3/18/2011,18:35,Ptarmigan,35
3/19/2011,15:24,Moose,41
3/19/2011,1:33,Elk,17
3/19/2011,11:13,Fox,2
3/20/2011,17:30,Ptarmigan,42
3/21/2011,23:58,Fox,40
3/22/2011,13:57,Ptarmigan,25
3/23/2011,0:39,Wolf,23
3/24/2011,22:30,Wolverine,16
3/25/2011,23:47,Ptarmigan,23
3/25/2011,11:49,Fox,15
3/26/2011,13:11,Ptarmigan,40
3/27/2011,22:28,Muskox,23
3/28/2011,12:05,Owl,28
3/28/2011,19:33,Ptarmigan,33
3/29/2011,0:29,Fox,29
3/29/2011,23:02,Ptarmigan,33
3/29/2011,6:15,Wolf,41
3/30/2011,1:33,Wolf,14
3/31/2011,9:12,Wolf,2
4/1/2011,5:28,Ptarmigan,38
4/1/2011,8:01,Ptarmigan,29
4/1/2011,11:44,Wolverine,18
4/2/2011,18:43,Ptarmigan,25
4/2/2011,9:42,Muskox,18
4/2/2011,15:01,Fox,17
4/3/2011,15:04,Moose,10
4/3/2011,3:35,Moose,16
4/4/2011,5:35,Ptarmigan,40
4/4/2011,12:47,Fox,3
4/4/2011,7:16,Muskox,32
4/5/2011,14:29,Fox,22
4/6/2011,1:39,Elk,42
4/7/2011,22:58,Muskox,23
4/7/2011,7:37,Fox,27
4/8/2011,1:22,Owl,8
4/8/2011,1:55,Elk,30
4/9/2011,23:47,Moose,21
4/9/2011,2:05,Fox,8
4/10/2011,23:03,Owl,22
4/11/2011,1:36,Elk,29
4/12/2011,14:31,Grizzly,6
4/13/2011,22:12,Grizzly,20
4/14/2011,12:23,Fox,29
4/15/2011,23:20,Grizzly,30
4/15/2011,16:08,Muskox,35
4/15/2011,23:16,Moose,7
4/15/2011,21:18,Grizzly,29
4/16/2011,16:31,Fox,8
4/17/2011,22:11,Elk,4
4/17/2011,7:40,Wolf,22
4/18/2011,7:33,Elk,17
4/19/2011,9:54,Owl,15
4/19/2011,4:46,Muskox,19
4/19/2011,1:46,Wolverine,17
4/19/2011,22:40,Wolf,36
4/20/2011,22:13,Moose,27
4/20/2011,16:52,Owl,29
4/20/2011,22:02,Fox,29
4/20/2011,12:01,Wolf,16
4/21/2011,11:25,Moose,3
4/21/2011,8:17,Grizzly,21
4/21/2011,15:47,Ptarmigan,18
4/22/2011,18:38,Wolverine,29
4/23/2011,21:05,Moose,15
4/24/2011,3:50,Ptarmigan,20
4/25/2011,22:14,Wolverine,4
4/26/2011,3:38,Grizzly,36
4/27/2011,6:41,Fox,40
4/27/2011,20:24,Wolverine,16
4/27/2011,13:22,Grizzly,32
4/28/2011,14:25,Wolf,22
4/29/2011,4:33,Wolverine,28
4/30/2011,1:03,Fox,38
4/30/2011,4:04,Moose,8
4/30/2011,23:04,Muskox,33
5/1/2011,13:31,Moose,38
5/2/2011,19:54,Grizzly,12
5/3/2011,18:04,Muskox,1
5/4/2011,1:50,Ptarmigan,42
5/5/2011,2:08,Ptarmigan,8
5/5/2011,12:28,Wolf,41
5/6/2011,18:25,Fox,13
5/6/2011,13:02,Ptarmigan,10
5/7/2011,20:57,Elk,36
5/8/2011,8:47,Muskox,23
5/8/2011,20:32,Elk,35
5/8/2011,14:18,Elk,18
5/9/2011,6:59,Fox,35
5/9/2011,14:49,Ptarmigan,38
5/9/2011,3:42,Elk,26
5/9/2011,23:58,Owl,24
5/9/2011,9:31,Muskox,5
5/9/2011,18:59,Moose,17
5/9/2011,15:30,Ptarmigan,23
5/10/2011,11:33,Ptarmigan,10
5/10/2011,0:57,Wolf,40
5/10/2011,3:06,Ptarmigan,28
5/10/2011,14:53,Fox,18
5/10/2011,22:50,Ptarmigan,1
5/10/2011,15:30,Wolverine,34
5/10/2011,3:43,Moose,41
5/11/2011,21:51,Wolverine,6
5/12/2011,3:25,Moose,28
5/13/2011,17:16,Ptarmigan,4
5/13/2011,1:35,Ptarmigan,32
5/14/2011,20:48,Elk,40
5/15/2011,1:27,Owl,14
5/15/2011,8:40,Moose,14
5/15/2011,8:20,Owl,24
5/15/2011,6:22,Owl,14
5/16/2011,21:38,Elk,29
5/17/2011,13:09,Muskox,25
5/17/2011,21:59,Wolf,27
5/18/2011,12:29,Fox,35
5/18/2011,1:53,Moose,11
5/19/2011,12:30,Grizzly,10
5/19/2011,23:46,Moose,36
5/20/2011,4:26,Grizzly,2
5/21/2011,4:13,Elk,24
5/21/2011,8:06,Owl,11
5/22/2011,13:16,Fox,16
5/23/2011,2:01,Moose,4
5/23/2011,12:57,Muskox,21
5/23/2011,13:12,Owl,10
5/24/2011,18:52,Ptarmigan,28
5/25/2011,4:37,Wolf,41
5/25/2011,12:02,Grizzly,28
5/25/2011,5:40,Moose,3
5/25/2011,20:29,Wolf,42
5/25/2011,5:17,Owl,37
5/25/2011,17:57,Owl,37
5/25/2011,5:50,Fox,28
5/25/2011,5:01,Fox,30
5/25/2011,22:22,Elk,26
5/26/2011,2:39,Elk,33
5/27/2011,3:08,Ptarmigan,18
5/27/2011,21:44,Muskox,11
5/28/2011,2:46,Grizzly,3
5/28/2011,16:11,Owl,21
5/29/2011,1:57,Ptarmigan,38
5/29/2011,1:15,Elk,40
5/30/2011,5:37,Elk,39
5/30/2011,17:07,Grizzly,11
5/31/2011,3:58,Moose,35
6/1/2011,2:24,Muskox,14
6/2/2011,8:34,Grizzly,35
6/3/2011,18:14,Ptarmigan,4
6/3/2011,15:35,Owl,36
6/3/2011,20:04,Moose,4
6/3/2011,23:46,Fox,17
6/3/2011,17:15,Grizzly,22
6/4/2011,5:09,Grizzly,2
6/5/2011,17:51,Grizzly,32
6/5/2011,10:56,Wolf,42
6/5/2011,22:22,Muskox,38
6/6/2011,21:26,Grizzly,9
6/7/2011,10:21,Elk,42
6/8/2011,23:49,Muskox,25
6/9/2011,0:59,Elk,19
6/10/2011,15:41,Muskox,29
6/11/2011,6:37,Owl,19
6/11/2011,15:47,Wolf,27
6/12/2011,4:31,Owl,7
6/12/2011,10:39,Grizzly,21
6/13/2011,20:42,Moose,16
6/14/2011,13:19,Muskox,29
6/15/2011,10:22,Ptarmigan,40
6/15/2011,1:08,Grizzly,8
6/16/2011,3:19,Elk,19
6/16/2011,16:30,Wolverine,9
6/17/2011,1:12,Muskox,17
6/17/2011,9:42,Wolverine,33
6/18/2011,23:30,Ptarmigan,3
6/18/2011,13:40,Wolf,20
6/18/2011,12:57,Grizzly,38
6/18/2011,21:15,Owl,24
6/19/2011,23:22,Muskox,41
6/19/2011,2:17,Moose,6
6/20/2011,1:55,Muskox,39
6/21/2011,10:36,Grizzly,12
6/21/2011,5:49,Ptarmigan,4
6/22/2011,2:39,Muskox,20
6/23/2011,23:07,Wolf,24
6/24/2011,17:08,Wolf,7
6/24/2011,10:47,Ptarmigan,5
6/25/2011,8:22,Moose,29
6/26/2011,15:51,Grizzly,22
6/27/2011,2:09,Ptarmigan,2
6/27/2011,17:41,Owl,17
6/27/2011,6:26,Ptarmigan,16
6/28/2011,18:00,Fox,17
6/29/2011,1:06,Elk,33
6/30/2011,3:43,Owl,31
7/1/2011,7:08,Wolverine,5
7/1/2011,4:21,Elk,32
7/2/2011,5:12,Wolverine,24
7/3/2011,5:21,Elk,8
7/3/2011,9:49,Grizzly,36
7/3/2011,14:19,Fox,9
7/4/2011,21:41,Wolverine,8
7/5/2011,18:28,Muskox,35
7/5/2011,18:05,Fox,28
7/5/2011,12:12,Grizzly,7
7/5/2011,6:16,Grizzly,3
7/6/2011,7:00,Fox,22
7/6/2011,21:58,Moose,15
7/7/2011,7:26,Owl,19
7/7/2011,13:02,Muskox,22
7/8/2011,11:02,Grizzly,4
7/8/2011,5:09,Grizzly,41
7/9/2011,14:57,Ptarmigan,21
7/10/2011,4:34,Fox,10
7/10/2011,13:39,Wolverine,13
7/10/2011,4:04,Elk,23
7/10/2011,16:59,Muskox,27
7/11/2011,1:18,Fox,4
7/11/2011,0:10,Muskox,11
7/11/2011,3:40,Elk,19
7/12/2011,8:54,Moose,39
7/12/2011,5:41,Wolf,15
7/12/2011,20:20,Owl,12
7/12/2011,23:07,Wolf,28
7/13/2011,1:51,Wolverine,4
7/13/2011,19:20,Muskox,11
7/13/2011,16:21,Wolf,28
7/14/2011,4:33,Wolf,6
7/15/2011,7:32,Owl,23
7/15/2011,3:27,Owl,36
7/16/2011,16:19,Grizzly,25
7/17/2011,23:19,Grizzly,6
7/18/2011,17:09,Elk,14
7/19/2011,7:44,Moose,13
7/19/2011,5:18,Muskox,35
7/20/2011,14:39,Owl,34
7/21/2011,17:05,Grizzly,38
7/21/2011,5:50,Moose,26
7/21/2011,19:18,Wolverine,19
7/21/2011,11:24,Wolverine,24
7/22/2011,12:23,Ptarmigan,5
7/22/2011,4:22,Moose,14
7/23/2011,18:38,Owl,23
7/23/2011,5:19,Fox,18
7/23/2011,21:15,Owl,24
7/24/2011,11:28,Ptarmigan,1
7/25/2011,3:50,Muskox,10
7/26/2011,12:33,Elk,25
7/27/2011,12:56,Ptarmigan,40
7/27/2011,12:43,Moose,21
7/27/2011,9:16,Owl,33
7/28/2011,5:22,Muskox,39
7/29/2011,14:32,Fox,28
7/29/2011,1:41,Owl,16
7/30/2011,20:37,Owl,6
7/30/2011,5:01,Grizzly,41
7/31/2011,0:44,Wolverine,7
8/1/2011,7:31,Elk,25
8/1/2011,11:52,Owl,10
8/2/2011,12:22,Muskox,5
8/3/2011,15:31,Owl,39
8/4/2011,7:31,Muskox,18
8/5/2011,8:05,Wolverine,14
8/5/2011,13:40,Wolverine,32
8/5/2011,4:12,Elk,31
8/5/2011,13:36,Wolf,12
8/6/2011,19:48,Grizzly,10
8/7/2011,18:32,Grizzly,25
8/7/2011,22:18,Wolverine,38
8/8/2011,4:02,Moose,14
8/9/2011,23:26,Muskox,36
8/10/2011,20:11,Grizzly,3
8/10/2011,5:48,Ptarmigan,15
8/11/2011,22:01,Muskox,35
8/12/2011,18:39,Elk,40
8/12/2011,1:31,Wolverine,27
8/12/2011,9:58,Elk,38
8/12/2011,21:28,Owl,42
8/12/2011,13:45,Muskox,15
8/12/2011,13:17,Elk,26
8/12/2011,1:27,Grizzly,31
8/13/2011,5:10,Wolf,35
8/13/2011,18:01,Wolf,16
8/13/2011,11:40,Wolf,17
8/13/2011,12:25,Wolverine,11
8/14/2011,1:06,Muskox,42
8/15/2011,2:22,Muskox,26
8/16/2011,14:18,Moose,22
8/17/2011,10:57,Wolf,25
8/17/2011,2:58,Elk,20
8/18/2011,12:57,Moose,31
8/19/2011,10:00,Ptarmigan,36
8/20/2011,4:46,Grizzly,27
8/20/2011,7:50,Muskox,2
8/20/2011,20:54,Fox,21
8/20/2011,8:13,Owl,8
8/21/2011,21:50,Elk,25
8/22/2011,4:29,Moose,21
8/22/2011,10:43,Elk,3
8/23/2011,19:20,Moose,27
8/23/2011,15:18,Elk,10
8/24/2011,1:35,Moose,25
8/24/2011,15:02,Ptarmigan,4
8/24/2011,9:57,Fox,15
8/25/2011,1:57,Wolverine,38
8/25/2011,23:17,Fox,37
8/25/2011,8:25,Fox,19
8/25/2011,22:21,Wolf,27
8/25/2011,23:28,Grizzly,35
8/26/2011,14:10,Moose,31
8/26/2011,9:25,Wolf,25
8/26/2011,12:11,Wolf,39
8/26/2011,2:18,Wolverine,15
8/26/2011,9:22,Grizzly,11
8/27/2011,11:25,Owl,10
8/27/2011,19:12,Owl,39
8/28/2011,17:02,Muskox,27
8/29/2011,20:43,Muskox,3
8/29/2011,11:02,Ptarmigan,12
8/30/2011,18:38,Grizzly,17
8/30/2011,14:10,Wolverine,23
8/31/2011,21:04,Wolf,27
9/1/2011,1:21,Owl,14
9/1/2011,7:37,Ptarmigan,39
9/2/2011,20:05,Grizzly,10
9/3/2011,2:39,Owl,41
9/3/2011,8:40,Muskox,36
9/4/2011,20:14,Wolverine,16
9/5/2011,6:09,Ptarmigan,6
9/5/2011,4:34,Ptarmigan,15
9/6/2011,12:09,Wolverine,32
9/7/2011,6:36,Elk,16
9/7/2011,13:01,Moose,37
9/8/2011,15:16,Moose,19
9/9/2011,22:44,Grizzly,1
9/9/2011,17:10,Owl,13
9/10/2011,0:00,Owl,18
9/11/2011,10:02,Moose,3
9/11/2011,22:03,Moose,27
9/11/2011,13:18,Owl,21
9/11/2011,3:06,Owl,40
9/11/2011,14:11,Wolverine,29
9/12/2011,21:34,Elk,11
9/12/2011,2:53,Elk,37
9/13/2011,3:08,Ptarmigan,25
9/13/2011,13:22,Wolverine,32
9/13/2011,11:40,Muskox,31
9/14/2011,5:00,Wolf,5
9/14/2011,22:27,Fox,23
9/15/2011,23:22,Grizzly,9
9/16/2011,1:21,Owl,41
9/16/2011,14:08,Ptarmigan,25
9/16/2011,18:09,Fox,19
9/16/2011,3:13,Grizzly,1
9/17/2011,11:36,Wolf,14
9/17/2011,16:35,Fox,33
9/18/2011,2:08,Ptarmigan,34
9/19/2011,13:35,Wolverine,15
9/20/2011,9:12,Fox,40
9/20/2011,9:30,Fox,6
9/20/2011,10:31,Moose,21
9/20/2011,20:20,Owl,2
9/21/2011,21:39,Fox,9
9/22/2011,2:21,Grizzly,28
9/23/2011,21:02,Grizzly,25
9/23/2011,0:06,Owl,29
9/23/2011,23:45,Moose,25
9/23/2011,20:50,Wolverine,12
9/24/2011,0:21,Wolf,6
9/24/2011,14:21,Wolf,36
9/25/2011,7:44,Ptarmigan,7
9/26/2011,3:05,Ptarmigan,39
9/26/2011,6:55,Moose,38
9/26/2011,2:07,Grizzly,8
9/26/2011,14:19,Grizzly,34
9/27/2011,20:00,Ptarmigan,37
9/27/2011,19:47,Owl,5
9/28/2011,3:00,Owl,5
9/29/2011,14:34,Muskox,38
9/30/2011,2:00,Muskox,28
9/30/2011,11:56,Elk,12
9/30/2011,23:02,Grizzly,33
9/30/2011,1:22,Wolverine,37
10/1/2011,4:29,Owl,20
10/1/2011,1:52,Grizzly,31
10/1/2011,12:04,Fox,14
10/1/2011,9:09,Fox,14
10/2/2011,2:39,Wolf,38
10/2/2011,23:48,Wolf,12
10/3/2011,20:27,Ptarmigan,1
10/4/2011,8:53,Fox,4
10/4/2011,16:27,Owl,28
10/5/2011,20:17,Fox,34
10/6/2011,4:09,Muskox,31
10/6/2011,5:41,Moose,20
10/6/2011,7:01,Wolf,38
10/7/2011,3:12,Grizzly,34
10/8/2011,8:20,Wolf,10
10/8/2011,1:46,Wolf,2
10/9/2011,22:25,Fox,19
10/9/2011,10:16,Wolf,10
10/10/2011,13:30,Wolverine,23
10/10/2011,0:45,Grizzly,4
10/10/2011,16:51,Grizzly,40
10/10/2011,18:23,Fox,5
10/10/2011,2:42,Fox,8
10/10/2011,10:04,Ptarmigan,1
10/11/2011,3:54,Elk,27
10/12/2011,16:38,Grizzly,17
10/12/2011,14:57,Owl,38
10/13/2011,16:07,Moose,23
10/14/2011,12:26,Grizzly,15
10/14/2011,10:48,Elk,5
10/15/2011,7:19,Ptarmigan,37
10/15/2011,20:26,Grizzly,28
10/16/2011,0:19,Moose,30
10/17/2011,13:41,Fox,15
10/17/2011,14:05,Muskox,23
10/18/2011,20:26,Moose,42
10/18/2011,1:18,Ptarmigan,22
10/18/2011,18:53,Fox,20
10/18/2011,5:50,Wolverine,3
10/18/2011,21:40,Muskox,3
10/18/2011,2:54,Owl,26
10/18/2011,1:28,Grizzly,8
10/18/2011,20:28,Wolf,38
10/18/2011,15:55,Muskox,33
10/18/2011,9:12,Wolverine,30
10/19/2011,3:30,Moose,8
10/19/2011,12:34,Fox,9
10/20/2011,22:44,Wolverine,28
10/20/2011,3:52,Fox,31
10/21/2011,5:45,Owl,16
10/22/2011,15:47,Owl,13
10/22/2011,18:57,Muskox,41
10/23/2011,18:39,Fox,39
10/24/2011,11:24,Moose,11
10/25/2011,23:32,Ptarmigan,22
10/26/2011,16:05,Wolverine,39
10/26/2011,7:06,Owl,25
10/27/2011,18:32,Wolverine,41
10/28/2011,22:44,Grizzly,20
10/29/2011,8:18,Wolverine,31
10/30/2011,5:51,Moose,39
10/31/2011,13:59,Grizzly,21
11/1/2011,23:58,Ptarmigan,17
11/2/2011,19:54,Owl,33
11/2/2011,16:55,Wolf,23
11/2/2011,1:48,Muskox,31
11/3/2011,22:26,Elk,35
11/4/2011,2:25,Ptarmigan,27
11/4/2011,16:36,Muskox,8
11/4/2011,21:49,Wolf,23
11/4/2011,22:19,Elk,9
11/4/2011,13:23,Fox,8
11/4/2011,13:36,Grizzly,3
11/5/2011,7:50,Ptarmigan,1
11/5/2011,18:50,Owl,10
11/5/2011,5:14,Fox,21
11/5/2011,0:59,Grizzly,13
11/5/2011,4:13,Ptarmigan,14
11/6/2011,19:27,Muskox,34
11/6/2011,17:44,Grizzly,7
11/7/2011,4:53,Wolf,5
11/7/2011,1:18,Ptarmigan,3
11/8/2011,15:44,Wolverine,38
11/8/2011,1:14,Moose,15
11/8/2011,14:10,Elk,23
11/8/2011,11:35,Grizzly,15
11/9/2011,0:22,Wolf,16
11/9/2011,1:08,Owl,21
11/10/2011,13:21,Grizzly,33
11/10/2011,9:00,Ptarmigan,29
11/10/2011,20:58,Ptarmigan,30
11/10/2011,22:21,Owl,12
11/10/2011,9:55,Moose,13
11/10/2011,14:40,Elk,5
11/10/2011,17:41,Fox,9
11/10/2011,12:41,Moose,3
11/11/2011,15:02,Fox,35
11/12/2011,1:20,Fox,30
11/13/2011,4:56,Moose,36
11/13/2011,3:50,Muskox,10
11/13/2011,4:56,Owl,33
11/13/2011,9:30,Elk,13
11/14/2011,19:39,Moose,19
11/15/2011,14:02,Muskox,33
11/16/2011,0:20,Fox,18
11/17/2011,5:58,Fox,38
11/17/2011,10:54,Owl,3
11/17/2011,23:21,Fox,35
11/17/2011,21:52,Owl,10
11/17/2011,17:55,Ptarmigan,29
11/17/2011,4:51,Owl,12
11/17/2011,16:54,Grizzly,12
11/18/2011,1:02,Moose,24
11/19/2011,8:24,Grizzly,16
11/20/2011,20:47,Moose,36
11/21/2011,18:18,Muskox,10
11/22/2011,11:30,Elk,42
11/23/2011,18:54,Wolf,34
11/24/2011,5:35,Muskox,12
11/25/2011,0:45,Ptarmigan,34
11/25/2011,22:29,Wolf,16
11/25/2011,21:56,Owl,27
11/26/2011,10:11,Owl,19
11/26/2011,16:42,Wolverine,23
11/26/2011,4:31,Wolverine,14
11/27/2011,10:45,Ptarmigan,38
11/27/2011,1:21,Elk,3
11/27/2011,9:29,Elk,28
11/28/2011,8:59,Wolverine,13
11/29/2011,17:00,Owl,11
11/29/2011,23:53,Wolf,8
11/29/2011,8:18,Moose,9
11/29/2011,21:20,Grizzly,30
11/29/2011,11:37,Moose,10
11/30/2011,19:15,Owl,41
12/1/2011,22:00,Wolf,8
12/1/2011,18:52,Elk,6
12/2/2011,18:15,Ptarmigan,6
12/2/2011,6:42,Wolverine,30
12/2/2011,10:59,Muskox,26
12/2/2011,22:00,Muskox,17
12/3/2011,8:45,Owl,6
12/4/2011,9:23,Wolverine,5
12/4/2011,19:33,Ptarmigan,37
12/4/2011,18:57,Grizzly,23
12/5/2011,22:10,Ptarmigan,35
12/6/2011,3:49,Muskox,37
12/6/2011,5:56,Moose,1
12/6/2011,19:55,Owl,38
12/6/2011,11:24,Elk,8
12/7/2011,7:23,Elk,7
12/7/2011,11:30,Ptarmigan,5
12/8/2011,23:27,Fox,39
12/9/2011,19:44,Elk,9
12/9/2011,22:52,Wolverine,8
12/9/2011,15:32,Moose,3
12/10/2011,13:17,Muskox,6
12/10/2011,13:13,Wolverine,1
12/11/2011,23:39,Muskox,16
